{
    "players": {
        "ROHIT SHARMA": [
            0,
            0
        ],
        "VIRAT KOHLI": [
            0,
            0
        ],
        "SHUBHAM GILL": [
            0,
            0
        ],
        "SHREYAS IYER": [
            0,
            0
        ],
        "SURYAKUMAR YADAV": [
            0,
            0
        ],
        "KL RAHUL": [
            0,
            0
        ],
        "ISHAN KISHAN": [
            0,
            0
        ],
        "HERRY BROOK": [
            0,
            0
        ],
        "LIAM LIVINGSTONE": [
            0,
            0
        ],
        "DAWID MALAN": [
            0,
            0
        ],
        "JOE ROOT": [
            0,
            0
        ],
        "JOS BUTLER": [
            0,
            0
        ],
        "JONNY BAIRSTOW": [
            0,
            0
        ],
        "DAVID WARNER": [
            0,
            0
        ],
        "STEVEN SMITH": [
            0,
            0
        ],
        "T HEAD": [
            0,
            0
        ],
        "ALEX CAREY": [
            0,
            0
        ],
        "JOSG INGLIS": [
            0,
            0
        ],
        "BABAR AZAM": [
            0,
            0
        ],
        "FAKHAR ZAMAN": [
            0,
            0
        ],
        "IMAM UL HAQ": [
            0,
            0
        ],
        "MOHAMMAD RIZWAN": [
            0,
            0
        ],
        "TAMBA BAVUMA": [
            0,
            0
        ],
        "AIDEN MARKRAM": [
            0,
            0
        ],
        "DAVID MILLER": [
            0,
            0
        ],
        "RVD DUSSEN": [
            0,
            0
        ],
        "Q D KOCK": [
            0,
            0
        ],
        "HEINRICH KLAASEN": [
            0,
            0
        ],
        "KANE WILLIAMSON": [
            0,
            0
        ],
        "DEVON CONWAY": [
            0,
            0
        ],
        "TOM LATHAM": [
            0,
            0
        ],
        "GLENN PHILLIPS": [
            0,
            0
        ],
        "PATHUM NISSANKA": [
            0,
            0
        ],
        "KUSAL MENDIS": [
            0,
            0
        ],
        "KUSAL PARERA": [
            0,
            0
        ],
        "S SAMARAWICKRAMA": [
            0,
            0
        ],
        "H SHAHIDI": [
            0,
            0
        ],
        "NAJIBULLAH ZADRAN": [
            0,
            0
        ],
        "LITTON DAS": [
            0,
            0
        ],
        "MUSHFIQUR": [
            0,
            0
        ],
        "N H SHANTO": [
            0,
            0
        ],
        "VIKARMJIT SINGH": [
            0,
            0
        ],
        "SCOTT EDWARDS": [
            0,
            0
        ],
        "WESLEY BARRESI": [
            0,
            0
        ],
        "SHARDUL THAKUR": [
            0,
            0
        ],
        "J BUMRAH": [
            0,
            0
        ],
        "KULDEEP YADAV": [
            0,
            0
        ],
        "MOHAMMED SHAMI": [
            0,
            0
        ],
        "MOHAMMES SIRAJ": [
            0,
            0
        ],
        "MARK WOOD": [
            0,
            0
        ],
        "ADIL RASHID": [
            0,
            0
        ],
        "REECE TOPLEY": [
            0,
            0
        ],
        "PAT CUMMINS": [
            0,
            0
        ],
        "J HAZLEWOOD": [
            0,
            0
        ],
        "ADAM ZAMPA": [
            0,
            0
        ],
        "MITCHELL STARC": [
            0,
            0
        ],
        "HARIS RAUF": [
            0,
            0
        ],
        "HASAN ALI": [
            0,
            0
        ],
        "SHAHEEN AFRIDI": [
            0,
            0
        ],
        "LUNGI NGIDI": [
            0,
            0
        ],
        "KAGISO RABADA": [
            0,
            0
        ],
        "KESHAV MAHARAJ": [
            0,
            0
        ],
        "T BOLT": [
            0,
            0
        ],
        "LOCKIE FERGUSON": [
            0,
            0
        ],
        "ISH SIDHI": [
            0,
            0
        ],
        "TIM SOUTHEE": [
            0,
            0
        ],
        "DILSHAN MADUSHANKA": [
            0,
            0
        ],
        "M PATHIRANA": [
            0,
            0
        ],
        "M THEEKSHANA": [
            0,
            0
        ],
        "KASUN RAJITHA": [
            0,
            0
        ],
        "MUJEEB UR RAHMAN": [
            0,
            0
        ],
        "NAVEEN UL HAQ": [
            0,
            0
        ],
        "NOOR AHMAD": [
            0,
            0
        ],
        "TASKIN AHMED": [
            0,
            0
        ],
        "M RAHMAN": [
            0,
            0
        ],
        "NASUM AHMED": [
            0,
            0
        ],
        "LOGAN VAN BEEK": [
            0,
            0
        ],
        "ARYAN DUTT": [
            0,
            0
        ],
        "HARDIK PANDYA": [
            0,
            0
        ],
        "RAVINDRA JADEJA": [
            0,
            0
        ],
        "R ASHWIN": [
            0,
            0
        ],
        "MOEEN ALI": [
            0,
            0
        ],
        "BEN STOKES": [
            0,
            0
        ],
        "SAM CURRAN": [
            0,
            0
        ],
        "DAVID WILLEY": [
            0,
            0
        ],
        "CHRIS WOAKES": [
            0,
            0
        ],
        "C GREEN": [
            0,
            0
        ],
        "MITCHELL MARSH": [
            0,
            0
        ],
        "GLENN MAXWELL": [
            0,
            0
        ],
        "MARCUS STOINIS": [
            0,
            0
        ],
        "IFTIKHAR AHMED": [
            0,
            0
        ],
        "SHADAB KHAN": [
            0,
            0
        ],
        "MOHAMMAD NAWAZ": [
            0,
            0
        ],
        "MARCO JANSEN": [
            0,
            0
        ],
        "ANDIE PHEHLUKWAYO": [
            0,
            0
        ],
        "MITCHELL SANTNER": [
            0,
            0
        ],
        "JAMES NASHEEM": [
            0,
            0
        ],
        "DASUN SHANAKA": [
            0,
            0
        ],
        "DHANANJAYA SILVA": [
            0,
            0
        ],
        "M NABI": [
            0,
            0
        ],
        "RASHID KHAN": [
            0,
            0
        ],
        "SHAKIB AL HASAN": [
            0,
            0
        ],
        "MAHEDI HASAN": [
            0,
            0
        ],
        "MAHMUDULLAH": [
            0,
            0
        ],
        "MEHIDY H MIRAZ": [
            0,
            0
        ],
        "BAS DE LEEDE": [
            0,
            0
        ],
        "SHARIZ AHMAD": [
            0,
            0
        ],
        "MAX ODOWD": [
            0,
            0
        ]
            },
    "teams": {
        "Parmar 11": [
            "SHUBHAM GILL",
            "SHUBHAM GILL",
            "VIRAT KOHLI", 
            "DEVON CONWAY", 
            "STEVEN SMITH",
            " BABAR AZAM",
            "T BOLT", 
            "HARIS RAUF", 
            "MITCHELL STARC", 
            "MOHAMMED SHAMI",
            "BEN STOKES", 
            "MITCHELL MARSH"

        ],
        "Oswal11": [
            "VIRAT KOHLI",
            "VIRAT KOHLI",
            "SHUBHAM GILL", 
            "JOS BUTLER", 
            "STEVEN SMITH", 
            "KANE WILLIAMSON",
            "SHAHEEN AFRIDI", 
            "MITCHELL STARC", 
            "ADAM ZAMPA", 
            "MOHAMMES SIRAJ",
            "RAVINDRA JADEJA", 
            "MARCUS STOINIS"
        ],
        "Veer": [
            "VIRAT KOHLI",
            "VIRAT KOHLI",
            "SHUBHAM GILL",
            "JOE ROOT", 
            "STEVEN SMITH",
            "BABAR AZAM",
            "HARIS RAUF",
            "T BOLT",
            "M STARC", 
            "J BUMRAH",
            "HARDIK PANDYA",
            "SHAKIB AL HASAN"
        ],
        "Bestx1": [
            "SHUBHAM GILL",
            "SHUBHAM GILL",
            "VIRAT KOHLI",
            "JOS BUTLER",
            "STEVEN SMITH",
            "MOHAMMAD RIZWAN",
            "SHAHEEN AFRIDI",
            "MITCHELL STARC",
            "KULDEEP YADAV",
            "J BUMRAH",
            "HARDIK PANDYA",
            "MITCHELL MARSH"
        ],
        "Yashveer": [
            "SHUBHAM GILL",
            "SHUBHAM GILL",
            "HERRY BROOK",
            "DAVID WARNER",
            "BABAR AZAM",
            "Q D KOCK",
            "T BOLT",
            "KAGISO RABADA",
            "J HAZLEWOOD",
            "MOHAMMED SHAMI",
            "HARDIK PANDYA",
            "SAM CURRAN"
        ],
        "Manish Periwal": [
            "SHUBHAM GILL",
            "SHUBHAM GILL",
            "VIRAT KOHLI",
            "DAWID MALAN",
            "BABAR AZAM",
            "KANE WILLIAMSON",
            "SHAHEEN AFRIDI",
            "MITCHELL STARC",
            "KAGISO RABADA",
            "KULDEEP YADAV",
            "MITCHELL MARSH", 
            "SHAKIB AL HASAN"
        ],
        "India": [
            "ROHIT SHARMA",
            "ROHIT SHARMA",
            "SHUBHAM GILL",
            "JOS BUTLER",
            "DAVID WARNER",
            "Q D KOCK",
            "T BOLT",
            "J HAZLEWOOD",
            "MOHAMMED SHAMI",
            "J BUMRAH",
            "HARDIK PANDYA",
            "C GREEN"
        ],
        "BINANI": [
            "SHUBHAM GILL",
            "SHUBHAM GILL",
            "VIRAT KOHLI",
            "DAWID MALAN",
            "DAVID WARNER",
            "STEVEN SMITH",
            "LUNGI NGIDI",
            "SHAHEEN AFRIDI",
            "MITCHELL STARC",
            "J BUMRAH",
            "MOEEN ALI",
            "BEN STOKES"
        ],
        "Pushpa": [
            "SHUBHAM GILL",
            "SHUBHAM GILL",
            "VIRAT KOHLI",
            "DAWID MALAN",
            "BABAR AZAM",
            "HEINRICH KLAASEN",
            "T BOLT",
            "SHAHEEN AFRIDI",
            "MITCHELL STARC",
            "KULDEEP YADAV",
            "HARDIK PANDYA",
            "MITCHELL MARSH"
        ],
        "Raparap 11": [
            "SHUBHAM GILL",
            "SHUBHAM GILL",
            "VIRAT KOHLI",
            "JOS BUTLER",
            "DAVID WARNER",
            "FAKHAR ZAMAN",
            "SHAHEEN AFRIDI",
            "PAT CUMMINS",
            "MOHAMMED SHAMI",
            "KULDEEP YADAV",
            "SAM CURRAN",
            "MAHEDI HASAN"
        ],
        "Dhruvisha": [
            "VIRAT KOHLI",
            "VIRAT KOHLI",
            "JOE ROOT", 
            "DAVID WARNER",
            "BABAR AZAM",
            "Q D KOCK",
            "T BOLT",
            "SHAHEEN AFRIDI",
            "J HAZLEWOOD",
            "MOHAMMED SHAMI",
            "HARDIK PANDYA",
            "RASHID KHAN"
        ],
        "Dhruv 11": [
            "VIRAT KOHLI",
            "VIRAT KOHLI",
            "JONNY BAIRSTOW",
            "STEVEN SMITH",
            "BABAR AZAM",
            "KANE WILLIAMSON",
            "T BOLT",
            "SHAHEEN AFRIDI",
            "ADAM ZAMPA",
            "KULDEEP YADAV",
            "MITCHELL MARSH",
            "SHAKIB AL HASAN"
        ],
        "Rm": [
            "BABAR AZAM",
            "BABAR AZAM",
            "SHUBHAM GILL",
            "JONNY BAIRSTOW",
            "RVD DUSSEN",
            "KANE WILLIAMSON",
            "T BOLT",
            "HARIS RAUF",
            "MITCHELL STARC",
            "MOHAMMED SHAMI",
            "GLENN MAXWELL",
            "SHAKIB AL HASAN"
        ],
        "VIP 11": [
            "SHUBHAM GILL",
            "SHUBHAM GILL",
            "VIRAT KOHLI",
            "JONNY BAIRSTOW",
            "DAVID WARNER",
            "BABAR AZAM",
            "T BOLT",
            "SHAHEEN AFRIDI",
            "MITCHELL STARC",
            "MOHAMMES SIRAJ",
            "HARDIK PANDYA", 
            "RASHID KHAN"
        ],
        "AaJao boss": [
            "STEVEN SMITH",
            "STEVEN SMITH",
            "SHUBHAM GILL",
            "JOE ROOT",
            "BABAR AZAM",
            "DEVON CONWAY",
            "T BOLT",
            "SHAHEEN AFRIDI",
            "ADAM ZAMPA",
            "PAT CUMMINS",
            "MITCHELL MARSH",
            "RASHID KHAN"
        ],
        "Eknath Shinde": [
            "ROHIT SHARMA",
            "ROHIT SHARMA",
            "JOS BUTLER",
            "DAVID WARNER",
            "Q D KOCK",
            "KANE WILLIAMSON",
            "M PATHIRANA",
            "T BOLT",
            "MITCHELL STARC",
            "KULDEEP YADAV",
            "RAVINDRA JADEJA", 
            "MITCHELL MARSH"
        ],
        "Destroyer": [
            "DAVID WARNER",
            "DAVID WARNER",
            "VIRAT KOHLI",
            "DAWID MALAN",
            "MOHAMMAD RIZWAN",
            "HEINRICH KLAASEN",
            "SHAHEEN AFRIDI",
            "PAT CUMMINS",
            "ADIL RASHID",
            "MOHAMMED SHAMI",
            "HARDIK PANDYA", 
            "GLENN MAXWELL"
        ],
        "Ammyy11": [
            "SHUBHAM GILL",
            "SHUBHAM GILL",
            "VIRAT KOHLI",
            "JOS BUTLER",
            "DAVID WARNER",
            "BABAR AZAM",
            "T BOLT",
            "MITCHELL STARC",
            "PAT CUMMINS",
            "J BUMRAH",
            "HARDIK PANDYA",
            "GLENN MAXWELL"
        ],
        "GA002": [
            "VIRAT KOHLI",
            "VIRAT KOHLI",
            "LIAM LIVINGSTONE",
            "JOE ROOT",
            "STEVEN SMITH",
            "BABAR AZAM",
            "T BOLT",
            "SHAHEEN AFRIDI",
            "PAT CUMMINS",
            "J BUMRAH",
            "HARDIK PANDYA", 
            "SHAKIB AL HASAN"
        ],
        "Rithvik 11": [
            "SHUBHAM GILL",
            "SHUBHAM GILL",
            "ROHIT SHARMA",
            "JOE ROOT",
            "MOHAMMAD RIZWAN",
            "DEVON CONWAY",
            "LOCKIE FERGUSON",
            "ADAM ZAMPA",
            "MARK WOOD",
            "KULDEEP YADAV",
            "HARDIK PANDYA",
            "MITCHELL MARSH"
        ],
        "Manvik": [
            "VIRAT KOHLI",
            "VIRAT KOHLI",
            "SHUBHAM GILL",
            "DAVID WARNER",
            "BABAR AZAM",
            "Q D KOCK",
            "T BOLT",
            "SHAHEEN AFRIDI",
            "PAT CUMMINS",
            "J BUMRAH",
            "HARDIK PANDYA",
            "SHAKIB AL HASAN"
        ],
        "JSB 11": [
            "STEVEN SMITH",
            "STEVEN SMITH",
            "VIRAT KOHLI",
            "SHUBHAM GILL",
            "DAWID MALAN",
            "BABAR AZAM",
            "SHAHEEN AFRIDI",
            "MITCHELL STARC",
            "ADIL RASHID",
            "MOHAMMES SIRAJ",
            "GLENN MAXWELL",
            "SHAKIB AL HASAN"
        ],
        "Sumit": [
            "SHUBHAM GILL",
            "SHUBHAM GILL",
            "VIRAT KOHLI", 
            "JOE ROOT",
            "DAVID WARNER",
            "BABAR AZAM",
            "KAGISO RABADA",
            "SHAHEEN AFRIDI",
            "MITCHELL STARC",
            "MOHAMMES SIRAJ",
            "BEN STOKES",
            "SHAKIB AL HASAN"
        ],
        "Anubhav": [
            "ROHIT SHARMA",
            "ROHIT SHARMA",
            "SHUBHAM GILL",
            "JONNY BAIRSTOW",
            "STEVEN SMITH",
            "DEVON CONWAY",
            "T BOLT",
            "SHAHEEN AFRIDI",
            "J HAZLEWOOD",
            "MOHAMMES SIRAJ",
            "RAVSHID KHAN",
            "GLENN MAXWELL"
        ],
        "Sk 11": [
            "SHUBHAM GILL",
            "SHUBHAM GILL",
            "VIRAT KOHLI",
            "JOE ROOT",
            "STEVEN SMITH",
            "BABAR AZAM",
            "T BOLT",
            "SHAHEEN AFRIDI",
            "MARK WOOD",
            "J BUMRAH",
            "SHADAB KHAN", 
            "SHAKIB AL HASAN"
        ],
        "Mittal xi": [
            "VIRAT KOHLI",
            "VIRAT KOHLI",
            "ROHIT SHARMA",
            "JONNY BAIRSTOW",
            "DAVID WARNER",
            "MOHAMMAD RIZWAN",
            "T BOLT",
            "HARIS RAUF",
            "J HAZLEWOOD",
            "MARK WOOD",
            "HARDIK PANDYA",
            "MITCHELL MARSH"
        ],
        "Arham009": [
            "VIRAT KOHLI",
            "VIRAT KOHLI",
            "JOE ROOT",
            "DAVID WARNER",
            "BABAR AZAM",
            "DEVON CONWAY",
            "T BOLT",
            "MITCHELL STARC",
            "ADAM ZAMPA",
            "MOHAMMED SHAMI",
            "MITCHELL MARSH",
            "SHAKIB AL HASAN"
        ],
        "Nilesh K.T": [
            "VIRAT KOHLI",
            "VIRAT KOHLI",
            "SHUBHAM GILL",
            "DAWID MALAN",
            "BABAR AZAM",
            "DEVON CONWAY",
            "SHAHEEN AFRIDI",
            "MITCHELL STARC",
            "MARK WOOD",
            "MOHAMMED SHAMI",
            "MITCHELL MARSH",
            "SHAKIB AL HASAN"
        ],
        "Bond tite x1": [
            "SHUBHAM GILL",
            "SHUBHAM GILL",
            "ROHIT SHARMA",
            "VIRAT KOHLI",
            "BABAR AZAM",
            "KANE WILLIAMSON",
            "MITCHELL STARC",
            "ADAM ZAMPA",
            "KULDEEP YADAV",
            "J BUMRAH",
            "GLENN MAXWELL",
            "SHAKIB AL HASAN"
        ],
        "Hrim": [
            "ROHIT SHARMA",
            "ROHIT SHARMA",
            "VIRAT KOHLI",
            "JOE ROOT",
            "JONNY BAIRSTOW",
            "STEVEN SMITH",
            "T BOLT",
            "MITCHELL STARC",
            "ADAM ZAMPA",
            "J BUMRAH",
            "RAVINDRA JADEJA",
            "SHAKIB AL HASAN"
        ],
        "N/G 333": [
            "ROHIT SHARMA",
            "ROHIT SHARMA",
            "VIRAT KOHLI",
            "JOS BUTLER",
            "DAVID WARNER",
            "MOHAMMAD RIZWAN",
            "MITCHELL STARC",
            "MARK WOOD",
            "MOHAMMES SIRAJ",
            "KULDEEP YADAV",
            "RAVINDRA JADEJA", 
            "MITCHELL MARSH"
        ],
        "Arham": [
            "SHUBHAM GILL",
            "SHUBHAM GILL",
            "VIRAT KOHLI",
            "JOS BUTLER",
            "DAVID WARNER",
            "DEVON CONWAY",
            "M THEEKSHANA",
            "T BOLT",
            "MITCHELL STARC",
            "MOHAMMES SIRAJ",
            "GLENN MAXWELL",
            "SHAKIB AL HASAN"
        ],
        "Karnav XL": [
            "VIRAT KOHLI",
            "VIRAT KOHLI",
            "SHUBHAM GILL",
            "JOE ROOT",
            "BABAR AZAM",
            "DEVON CONWAY",
            "T BOLT",
            "SHAHEEN AFRIDI",
            "MARK WOOD",
            "KULDEEP YADAV",
            "HARDIK PANDYA",
            "MITCHELL MARSH"
        ],
        "Enrique": [
            "KL RAHUL",
            "KL RAHUL",
            "VIRAT KOHLI",
            "JONNY BAIRSTOW",
            "IMAM UL HAQ",
            "DEVON CONWAY",
            "LUNGI NGIDI",
            "MITCHELL STARC",
            "MOHAMMES SIRAJ",
            "J BUMRAH",
            "HARDIK PANDYA",
            "GLENN MAXWELL"
        ],
        "Tini mini": [
            "ROHIT SHARMA",
            "ROHIT SHARMA",
            "JOS BUTLER",
            "DAVID WARNER",
            "BABAR AZAM",
            "KUSAL MENDIS",
            "M THEEKSHANA",
            "KAGISO RABADA",
            "PAT CUMMINS",
            "KULDEEP YADAV",
            "RASHID KHAN",
            "SHAKIB AL HASAN"
        ],
        "भारत 11": [
            "SHUBHAM GILL",
            "SHUBHAM GILL",
            "VIRAT KOHLI",
            "DAVID WARNER",
            "BABAR AZAM",
            "DEVON CONWAY",
            "SHAHEEN AFRIDI",
            "ADAM ZAMPA",
            "KULDEEP YADAV",
            "J BUMRAH",
            "HARDIK PANDYA",
            "GLENN MAXWELL"
        ],
        "BOND TITE  XL ": [
            "SHUBHAM GILL",
            "SHUBHAM GILL",
            "DAWID MALAN",
            "DAVID WARNER",
            "STEVEN SMITH",
            "MOHAMMAD RIZWAN",
            "ISH SIDHI",
            "ADAM ZAMPA",
            "MOHAMMES SIRAJ",
            "KULDEEP YADAV",
            "GLENN MAXWELL",
            "SHAKIB AL HASAN"
        ],
        "Apna Time Aaye Ga ": [
            "VIRAT KOHLI",
            "VIRAT KOHLI",
            "JOS BUTLER",
            "STEVEN SMITH",
            "Q D KOCK",
            "DEVON CONWAY",
            "T BOLT",
            "PAT CUMMINS",
            "MARK WOOD",
            "KULDEEP YADAV",
            "HARDIK PANDYA",
            "RASHID KHAN"
        ],
        "V rathod": [
            "VIRAT KOHLI",
            "VIRAT KOHLI",
            "SHUBHAM GILL",
            "JOE ROOT",
            "DAVID WARNER",
            "BABAR AZAM",
            "T BOLT",
            "MITCHELL STARC",
            "MARK WOOD",
            "MOHAMMES SIRAJ",
            "HARDIK PANDYA",
            "SHAKIB AL HASAN"
        ],
        "Ls": [
            "ROHIT SHARMA",
            "ROHIT SHARMA",
            "VIRAT KOHLI",
            "DAVID WARNER",
            "STEVEN SMITH",
            "BABAR AZAM",
            "SHAHEEN AFRIDI",
            "MITCHELL STARC",
            "KULDEEP YADAV",
            "J BUMRAH",
            "MITCHELL MARSH",
            "SHAKIB AL HASAN"
        ],
        "Mahadev x1": [
            "VIRAT KOHLI",
            "VIRAT KOHLI",
            "SHUBHAM GILL",
            "DAVID WARNER",
            "BABAR AZAM",
            "DEVON CONWAY",
            "M RAHMAN",
            "T BOLT",
            "SHAHEEN AFRIDI",
            "MOHAMMES SIRAJ",
            "M NABI",
            "SHAKIB AL HASAN"
        ],
        "Dhruv": [
            "SHUBHAM GILL",
            "SHUBHAM GILL",
            "VIRAT KOHLI",
            "DAWID MALAN",
            "DAVID WARNER",
            "BABAR AZAM",
            "KAGISO RABADA",
            "SHAHEEN AFRIDI",
            "MITCHELL STARC",
            "J BUMRAH",
            "HARDIK PANDYA",
            "GLENN MAXWELL"
        ],
        "A rathod": [
            "ROHIT SHARMA",
            "ROHIT SHARMA",
            "JONNY BAIRSTOW",
            "STEVEN SMITH",
            "BABAR AZAM",
            "DEVON CONWAY",
            "T BOLT",
            "HARIS RAUF",
            "MITCHELL STARC",
            "MARK WOOD",
            "BEN STOKES",
            "SHAKIB AL HASAN"
        ],
        "Shubham 11": [
            "SHUBHAM GILL",
            "SHUBHAM GILL",
            "VIRAT KOHLI",
            "SURYAKUMAR YADAV",
            "DAWID MALAN",
            "DAVID WARNER",
            "SHAHEEN AFRIDI",
            "PAT CUMMINS",
            "KULDEEP YADAV",
            "J BUMRAH",
            "BEN STOKES",
            "MITCHELL MARSH"
        ],
        "Jacky11": [
            "DAVID WARNER",
            "DAVID WARNER",
            "ROHIT SHARMA",
            "VIRAT KOHLI",
            "JOE ROOT",
            "MOHAMMAD RIZWAN",
            "HARIS RAUF",
            "PAT CUMMINS",
            "MARK WOOD",
            "J BUMRAH",
            "HARDIK PANDYA",
            "MITCHELL MARSH"
        ],
        "Dholu Molu": [
            "VIRAT KOHLI",
            "VIRAT KOHLI",
            "JOS BUTLER",
            "DAVID WARNER",
            "BABAR AZAM",
            "DEVON CONWAY",
            "T BOLT",
            "MITCHELL STARC",
            "MARK WOOD",
            "KULDEEP YADAV",
            "SHADAB KHAN",
            "SHAKIB AL HASAN"
        ],
        "Paresh K T": [
            "SHUBHAM GILL",
            "SHUBHAM GILL",
            "VIRAT KOHLI",
            "DAVID WARNER",
            "BABAR AZAM",
            "DEVON CONWAY",
            "T BOLT",
            "SHAHEEN AFRIDI",
            "ADAM ZAMPA",
            "KULDEEP YADAV",
            "MITCHELL MARSH",
            "SHAKIB AL HASAN"
        ],
        "NDA": [
            "JOE ROOT",
            "JOE ROOT",
            "SHUBHAM GILL",
            "DAVID WARNER",
            "HEINRICH KLAASEN",
            "DEVON CONWAY",
            "M THEEKSHANA",
            "ADAM ZAMPA",
            "ADIL RASHID",
            "KULDEEP YADAV",
            "GLENN MAXWELL",
            "SHAKIB AL HASAN"
        ],
        "J007": [
            "SHUBHAM GILL",
            "SHUBHAM GILL",
            "VIRAT KOHLI",
            "JONNY BAIRSTOW",
            "DAVID WARNER",
            "KANE WILLIAMSON",
            "MITCHELL STARC",
            "ADIL RASHID",
            "MOHAMMES SIRAJ",
            "J BUMRAH",
            "HARDIK PANDYA",
            "GLENN MAXWELL"
        ],
        "Buldozer Baba": [
            "SHUBHAM GILL",
            "SHUBHAM GILL",
            "JONNY BAIRSTOW",
            "STEVEN SMITH",
            "Q D KOCK",
            "KUSAL PARERA",
            "NAVEEN UL HAQ",
            "MITCHELL STARC",
            "ADIL RASHID",
            "J BUMRAH",
            "GLENN MAXWELL",
            "SHAKIB AL HASAN"
        ],
        "Sanju 11": [
            "VIRAT KOHLI",
            "VIRAT KOHLI",
            "SHUBHAM GILL",
            "DAVID WARNER",
            "STEVEN SMITH",
            "BABAR AZAM",
            "T BOLT",
            "SHAHEEN AFRIDI",
            "MITCHELL STARC",
            "J BUMRAH",
            "GLENN MAXWELL",
            "SHADAB KHAN"
        ]
        
        
    },
    
    "forms": {
       
"Parmar 11": 1,
"Oswal11":2,
"Veer":3,
"Bestx1": 4,
"Yashveer ":5,
"Manish Periwal":6,
"India": 7,
"BINANI":8,
"Pushpa": 9,
"Raparap 11": 10,
"Dhruvisha":11,
"Dhruv 11": 12,
"Rm":13,
"VIP 11": 14,
"AaJao boss":15,
"Eknath Shinde":16,
"Destroyer":17,
"Ammyy11":18,
"GA002": 19,
"Rithvik 11":20,
"Manvik":21,
"JSB 11": 22,
"Sumit":23,
"Anubhav":24,
"Sk 11": 25,
"Mittal xi":26,
"Arham009":27,
"Nilesh K.T":28,
"Bond tite x1": 29,
"Hrim":30,
"N/G 333": 31,
"Arham": 32,
"Karnav XL":33,
"Enrique":34,
"Tini mini": 35,
"भारत 11":36,
"BOND TITE  XL": 37,
"Apna Time Aaye Ga":38,
"V rathod":39,
"Ls":40,
"Mahadev x1": 41,
"Dhruv": 42,
"A rathod": 43,
"Shubham 11":44,
"Jacky11": 45,
"Dholu Molu":46,
"Paresh K T": 47,
"NDA":48,
"J007": 49,
"Buldozer Baba":50,
"Sanju 11":51
      }
}