{
    "players": {
        "MS DHONI": [
            59,
            0
        ],
        "AJIKYA RHANE": [
            0,
            0
        ],
        "S SENAPATI": [
            0,
            0
        ],
        "AMBATI RAYADU": [
            74,
            0
        ],
        "R GAIKWAD": [
            200,
            0
        ],
        "DEVON CONWAY": [
            181,
            0
        ],
        "SHREYAS IYER": [
            0,
            0
        ],
        "RINKU SINGH": [
            170,
            0
        ],
        "NITESH RANA": [
            150,
            0
        ],
        "MANDEEP SINGH": [
            2,
            0
        ],
        "ARON FINCH": [
            0,
            0
        ],
        "LITTON DAS": [
            0,
            0
        ],
        "N. JAGADEESAN": [
            42,
            0
        ],
        "R. GURBAZ": [
            102,
            0
        ],
        "RILEE ROSSOUW": [
            44,
            0
        ],
        "DAVID WARNER": [
            228,
            0
        ],
        "SARFARAZ KHAN": [
            34,
            0
        ],
        "YASH DHULL": [
            3,
            0
        ],
        "ROVMAN POWELL": [
            7,
            1
        ],
        "MANISH PANDEY": [
            76,
            0
        ],
        "SRIKAR BHARAT": [
            0,
            0
        ],
        "PRATHVI SHAW": [
            34,
            0
        ],
        "PHILIP SALT": [
            0,
            0
        ],
        "SHIKHAR DHAWAN": [
            233,
            0
        ],
        "HARPREET SINGH B.": [
            22,
            0
        ],
        "L LIVINGSTONE": [
            0,
            0
        ],
        "B RAJAPAKSA": [
            71,
            0
        ],
        "JITESH SHARMA": [
            79,
            0
        ],
        "PRABHSIMRAN SINGH": [
            64,
            0
        ],
        "DEWALD BREVIS": [
            0,
            0
        ],
        "TILAK VERMA": [
            214,
            0
        ],
        "TRISTAN STUBBS": [
            5,
            0
        ],
        "RAMANDEEP SINGH": [
            0,
            0
        ],
        "ROHIT SHARMA": [
            135,
            0
        ],
        "ISHAN KISHAN": [
            169,
            0
        ],
        "SURYAKUMAR YADAV": [
            66,
            0
        ],
        "JOE ROOT": [
            0,
            0
        ],
        "DEVDUTT PADIKKAL": [
            87,
            0
        ],
        "SHIMRON HETMYER": [
            183,
            0
        ],
        "Y JAISWAL": [
            136,
            0
        ],
        "RIYAN PARAG": [
            39,
            0
        ],
        "SANJU SAMSON": [
            157,
            0
        ],
        "JOS BUTLER": [
            204,
            0
        ],
        "DHRUV JUREL": [
            62,
            0
        ],
        "AIDEN MARKRAM": [
            59,
            0
        ],
        "RAHUL TRIPATHI": [
            125,
            0
        ],
        "MAYANK AGRAWAL": [
            113,
            0
        ],
        "HARRY BROOK": [
            138,
            0
        ],
        "SAMARTH VYAS": [
            0,
            0
        ],
        "HEINRICH KLASEEN": [
            16,
            0
        ],
        "GLENN PHILLIPS": [
            0,
            0
        ],
        "ABDUL SAMAD": [
            62,
            0
        ],
        "FAF DU PLESSIS": [
            259,
            0
        ],
        "VIRAT KOHLI": [
            220,
            0
        ],
        "DINESH KARTHIK": [
            38,
            0
        ],
        "ANUJ RAWAT": [
            16,
            0
        ],
        "RAJAT PATIDAR": [
            0,
            0
        ],
        "FINN ALLEN": [
            0,
            0
        ],
        "SHUBHAM GILL": [
            228,
            0
        ],
        "DAVID MILLER": [
            96,
            0
        ],
        "MATHEW WADE": [
            0,
            0
        ],
        "W SHAH": [
            90,
            0
        ],
        "SHIKHAR BHARAT": [
            0,
            0
        ],
        "KANE WILLIAMSON": [
            0,
            0
        ],
        "TUSHAR DESPANDEY": [
            0,
            10
        ],
        "R HANGARGEKAR": [
            0,
            3
        ],
        "MUKESH CHAUDHARY": [
            0,
            0
        ],
        "MATHEESHA P.": [
            0,
            0
        ],
        "DEEPAK CHAHAR": [
            0,
            0
        ],
        "TIM SOUTHEE": [
            0,
            2
        ],
        "V CHAKARAVARTHY": [
            0,
            7
        ],
        "UMESH YADAV": [
            12,
            1
        ],
        "SHARDUL THAKUR": [
            101,
            2
        ],
        "LOCKIE FERGUSON": [
            0,
            1
        ],
        "KHALEEL AHMED": [
            0,
            3
        ],
        "ISHANT SHARMA": [
            0,
            0
        ],
        "MUSTAFIZUR RAHMAN": [
            1,
            1
        ],
        "LUNGI NGIDI": [
            0,
            0
        ],
        "CHETAN SAKRIYA": [
            4,
            2
        ],
        "KULDEEP YADAV": [
            17,
            4
        ],
        "ANRICS NORTJE": [
            32,
            2
        ],
        "KAGISO RABADA": [
            0,
            3
        ],
        "RAHUL CHAHAR": [
            0,
            2
        ],
        "NATHAN ELLIS": [
            0,
            5
        ],
        "ARSHDEEP SINGH": [
            0,
            8
        ],
        "JOFRA ARCHAR": [
            0,
            0
        ],
        "JASPRIT BUMRAH": [
            0,
            0
        ],
        "JHYE RICHARDSON": [
            0,
            0
        ],
        "ARSHAD KHAN": [
            17,
            1
        ],
        "KM ASIF": [
            0,
            0
        ],
        "OBED MCCOY": [
            0,
            0
        ],
        "ADAM ZAMPA": [
            1,
            2
        ],
        "T BOLT": [
            0,
            6
        ],
        "NAVDEEP SAINI": [
            0,
            0
        ],
        "Y CHAHAL": [
            0,
            11
        ],
        "M ASHWIN": [
            1,
            0
        ],
        "UMRAN MALIK": [
            19,
            5
        ],
        "BHUVNESHWAR KUMAR": [
            8,
            4
        ],
        "KARTIK TYAGI": [
            0,
            0
        ],
        "MAYANK MARKANDE": [
            2,
            6
        ],
        "ADIL RASHID": [
            22,
            2
        ],
        "T NATRAJAN": [
            0,
            3
        ],
        "HARSHAL PATEL": [
            6,
            6
        ],
        "REECE TOPLEY": [
            0,
            1
        ],
        "JOSH HAZLEWOOD": [
            0,
            0
        ],
        "KARN SHARMA": [
            1,
            5
        ],
        "SIDDARTH KAUL": [
            0,
            0
        ],
        "MOHAMMED SIRAJ": [
            0,
            8
        ],
        "JAYANAT YADAV": [
            0,
            0
        ],
        "ODEAN SMITH": [
            0,
            0
        ],
        "MOHIT SHARMA": [
            0,
            2
        ],
        "ALZARRI JOSEPH": [
            0,
            6
        ],
        "MOHAMMED SHAMI": [
            0,
            10
        ],
        "RAVI BISNOI": [
            6,
            8
        ],
        "AAVESH KHAN": [
            0,
            3
        ],
        "SHAHBAZ NADEEM": [
            0,
            0
        ],
        "D CHAMEERA": [
            0,
            0
        ],
        "MARK WOOD": [
            11,
            11
        ],
        "JAYDEV UNADKAT": [
            9,
            0
        ],
        "AMIT MISHAR": [
            0,
            3
        ],
        "MANAN VOHRA": [
            0,
            0
        ],
        "NICHOLAS POORAN": [
            141,
            0
        ],
        "PRERAK MANKAD": [
            0,
            0
        ],
        "KL RAHUL": [
            155,
            0
        ],
        "Q D KOCK": [
            0,
            0
        ],
        "MITCHELL SANTNER": [
            2,
            3
        ],
        "R.JADEJA": [
            39,
            6
        ],
        "MOEN ALI": [
            68,
            6
        ],
        "SIVAM DUBE": [
            106,
            0
        ],
        "BEN STOKES": [
            15,
            0
        ],
        "D PRETORIUS": [
            0,
            0
        ],
        "SUNIL NARAIN": [
            9,
            6
        ],
        "ANDRE RUSSELL": [
            60,
            3
        ],
        "VEKTESH IYER": [
            234,
            0
        ],
        "DAVID WIESE": [
            0,
            0
        ],
        "AXAR PATEL": [
            129,
            2
        ],
        "MITCHELL MARSH": [
            4,
            3
        ],
        "RISHI DHAWAN": [
            1,
            0
        ],
        "SIKANDAR RAZA": [
            79,
            2
        ],
        "SAM CURRAN": [
            77,
            5
        ],
        "MATTHEW SHORT": [
            71,
            0
        ],
        "HARPREET BRAR": [
            15,
            2
        ],
        "C GREEN": [
            99,
            3
        ],
        "TIM DEVID": [
            88,
            0
        ],
        "PIYUSH CHAWLA": [
            5,
            6
        ],
        "ARJUM TENDULKAR": [
            0,
            1
        ],
        "R ASHWIN": [
            40,
            6
        ],
        "ABDUL BASITH": [
            0,
            0
        ],
        "JASSON HOLDER": [
            1,
            3
        ],
        "WASHINGTON SUNDAR": [
            27,
            0
        ],
        "MARCO JANSEN": [
            13,
            7
        ],
        "ABHISHEK SHARMA": [
            33,
            0
        ],
        "GLENN MAXWELL": [
            176,
            1
        ],
        "MICHAEL BRACEWELL": [
            19,
            2
        ],
        "MAHIPAL LORMOR": [
            0,
            0
        ],
        "W HASARANGA": [
            2,
            2
        ],
        "DAVID WILLEY": [
            20,
            2
        ],
        "SHAHBAZ AHMED": [
            33,
            0
        ],
        "HARDIK PANDYA": [
            49,
            1
        ],
        "RASHID KHAN": [
            11,
            11
        ],
        "SHIVAM MAVI": [
            0,
            0
        ],
        "VIJAY SHANKAR": [
            119,
            0
        ],
        "RAHUL TEWATIA": [
            21,
            0
        ],
        "M STOINIS": [
            0,
            0
        ],
        "KARAN SHARMA": [
            0,
            0
        ],
        "DEEPAK HOODA": [
            37,
            0
        ],
        "KRUNAL PANDYA": [
            76,
            4
        ],
        "KYLE MAYERS": [
            168,
            0
        ],
        "MARCUS STOINIS": [
            123,
            0
        ],
        "DANIEL SAMS": [
            0,
            0
        ],
        "MANAN VORA": [
            0,
            0
        ]
    },
    "teams": {
        "NAMAN JAIN": [
            "SURYAKUMAR YADAV",
            "SURYAKUMAR YADAV",
            "JOS BUTLER",
            "DAVID WARNER",
            "VIRAT KOHLI",
            "SHIKHAR DHAWAN",
            "ARSHDEEP SINGH",
            "HARSHAL PATEL",
            "Y CHAHAL",
            "HARDIK PANDYA",
            "C GREEN",
            "JOFRA ARCHAR"
        ],
        "AMIT ASHAPURA": [
            "JOS BUTLER",
            "JOS BUTLER",
            "SURYAKUMAR YADAV",
            "KL RAHUL",
            "SHUBHAM GILL",
            "FAF DU PLESSIS",
            "ARSHDEEP SINGH",
            "JOFRA ARCHAR",
            "MOHAMMED SHAMI",
            "KULDEEP YADAV",
            "HARDIK PANDYA",
            "R.JADEJA"
        ],
        "SHANKY": [
            "KL RAHUL",
            "KL RAHUL",
            "DAVID WARNER",
            "L LIVINGSTONE",
            "SANJU SAMSON",
            "FAF DU PLESSIS",
            "UMRAN MALIK",
            "MOHAMMED SIRAJ",
            "V CHAKARAVARTHY",
            "ARSHDEEP SINGH",
            "HARDIK PANDYA",
            "SAM CURRAN"
        ],
        "JOLLY": [
            "SHUBHAM GILL",
            "SHUBHAM GILL",
            "KL RAHUL",
            "JOS BUTLER",
            "SURYAKUMAR YADAV",
            "DAVID WARNER",
            "Y CHAHAL",
            "UMRAN MALIK",
            "DEEPAK CHAHAR",
            "KULDEEP YADAV",
            "HARDIK PANDYA",
            "ANDRE RUSSELL"
        ],
        "APNA TIME AAYEGA": [
            "JOS BUTLER",
            "JOS BUTLER",
            "SURYAKUMAR YADAV",
            "VIRAT KOHLI",
            "SHUBHAM GILL",
            "RAHUL TRIPATHI",
            "Y CHAHAL",
            "KAGISO RABADA",
            "MOHAMMED SHAMI",
            "RAVI BISNOI",
            "HARDIK PANDYA",
            "W HASARANGA"
        ],
        "BULLDOZER BABA": [
            "Q D KOCK",
            "Q D KOCK",
            "JOS BUTLER",
            "ISHAN KISHAN",
            "SHUBHAM GILL",
            "HARRY BROOK",
            "HARDIK PANDYA",
            "SAM CURRAN",
            "KULDEEP YADAV",
            "Y CHAHAL",
            "JOFRA ARCHAR",
            "AAVESH KHAN"
        ],
        "KHELEGE INDIA": [
            "JOS BUTLER",
            "JOS BUTLER",
            "KL RAHUL",
            "FAF DU PLESSIS",
            "SHIKHAR DHAWAN",
            "KAGISO RABADA",
            "T BOLT",
            "JOFRA ARCHAR",
            "MOHAMMED SHAMI",
            "ANDRE RUSSELL",
            "HARDIK PANDYA",
            "ISHAN KISHAN"
        ],
        "GAPPU 11": [
            "JOS BUTLER",
            "JOS BUTLER",
            "R GAIKWAD",
            "VIRAT KOHLI",
            "KL RAHUL",
            "SHUBHAM GILL",
            "KAGISO RABADA",
            "JOFRA ARCHAR",
            "MOHAMMED SHAMI",
            "HARSHAL PATEL",
            "R.JADEJA",
            "HARDIK PANDYA"
        ],
        "KING": [
            "SANJU SAMSON",
            "SANJU SAMSON",
            "SURYAKUMAR YADAV",
            "R GAIKWAD",
            "SHUBHAM GILL",
            "MANAN VORA",
            "R.JADEJA",
            "HARDIK PANDYA",
            "KAGISO RABADA",
            "UMRAN MALIK",
            "Y CHAHAL",
            "MOHAMMED SIRAJ"
        ],
        "VISHAL": [
            "KL RAHUL",
            "KL RAHUL",
            "SHUBHAM GILL",
            "SURYAKUMAR YADAV",
            "JOS BUTLER",
            "VIRAT KOHLI",
            "Y CHAHAL",
            "MOHAMMED SHAMI",
            "JOFRA ARCHAR",
            "AAVESH KHAN",
            "HARDIK PANDYA",
            "ANDRE RUSSELL"
        ],
        "AKSHAY A": [
            "JOS BUTLER",
            "JOS BUTLER",
            "DAVID WARNER",
            "SHIKHAR DHAWAN",
            "ISHAN KISHAN",
            "R GAIKWAD",
            "T BOLT",
            "ARSHDEEP SINGH",
            "JOFRA ARCHAR",
            "MOHAMMED SHAMI",
            "HARDIK PANDYA",
            "BEN STOKES"
        ],
        "MANVIK": [
            "KL RAHUL",
            "KL RAHUL",
            "SHIKHAR DHAWAN",
            "VIRAT KOHLI",
            "SHUBHAM GILL",
            "JOS BUTLER",
            "MOHAMMED SHAMI",
            "MOHAMMED SIRAJ",
            "RAVI BISNOI",
            "Y CHAHAL",
            "HARDIK PANDYA",
            "SAM CURRAN"
        ],
        "DP DHONI BHAI": [
            "JOS BUTLER",
            "JOS BUTLER",
            "SHREYAS IYER",
            "Q D KOCK",
            "SURYAKUMAR YADAV",
            "ROHIT SHARMA",
            "UMRAN MALIK",
            "JASPRIT BUMRAH",
            "Y CHAHAL",
            "LOCKIE FERGUSON",
            "RASHID KHAN",
            "ANDRE RUSSELL"
        ],
        "GGG": [
            "SURYAKUMAR YADAV",
            "SURYAKUMAR YADAV",
            "NITESH RANA",
            "R GAIKWAD",
            "PRATHVI SHAW",
            "JOS BUTLER",
            "DEEPAK CHAHAR",
            "BHUVNESHWAR KUMAR",
            "Y CHAHAL",
            "JOFRA ARCHAR",
            "ANDRE RUSSELL",
            "GLENN MAXWELL"
        ],
        "NIMESH": [
            "JOS BUTLER",
            "JOS BUTLER",
            "ISHAN KISHAN",
            "FAF DU PLESSIS",
            "DEVON CONWAY",
            "SURYAKUMAR YADAV",
            "JOFRA ARCHAR",
            "T BOLT",
            "MOHAMMED SHAMI",
            "ARSHDEEP SINGH",
            "HARDIK PANDYA",
            "C GREEN"
        ],
        "RATHOD": [
            "SHIKHAR DHAWAN",
            "SHIKHAR DHAWAN",
            "R GAIKWAD",
            "ISHAN KISHAN",
            "SURYAKUMAR YADAV",
            "RAHUL TRIPATHI",
            "ARSHDEEP SINGH",
            "SHARDUL THAKUR",
            "JOFRA ARCHAR",
            "BHUVNESHWAR KUMAR",
            "R.JADEJA",
            "ANDRE RUSSELL"
        ],
        "GIANA": [
            "KL RAHUL",
            "KL RAHUL",
            "SHUBHAM GILL",
            "VIRAT KOHLI",
            "DAVID WARNER",
            "JOS BUTLER",
            "MOHAMMED SHAMI",
            "MOHAMMED SIRAJ",
            "Y CHAHAL",
            "T BOLT",
            "HARDIK PANDYA",
            "GLENN MAXWELL"
        ],
        "HITESH GANDHI": [
            "SHUBHAM GILL",
            "SHUBHAM GILL",
            "KL RAHUL",
            "JOS BUTLER",
            "VIRAT KOHLI",
            "SURYAKUMAR YADAV",
            "MOHAMMED SHAMI",
            "JOFRA ARCHAR",
            "T BOLT",
            "HARSHAL PATEL",
            "HARDIK PANDYA",
            "C GREEN"
        ],
        "GA 002": [
            "KL RAHUL",
            "KL RAHUL",
            "SHIKHAR DHAWAN",
            "ISHAN KISHAN",
            "VIRAT KOHLI",
            "DAVID WARNER",
            "DEEPAK CHAHAR",
            "UMESH YADAV",
            "T BOLT",
            "ARSHDEEP SINGH",
            "HARDIK PANDYA",
            "ANDRE RUSSELL"
        ],
        "ROHIT PATEL": [
            "KL RAHUL",
            "KL RAHUL",
            "DAVID MILLER",
            "DAVID WARNER",
            "SURYAKUMAR YADAV",
            "JOS BUTLER",
            "HARDIK PANDYA",
            "MOEN ALI",
            "MOHAMMED SHAMI",
            "T BOLT",
            "MOHAMMED SIRAJ",
            "KULDEEP YADAV"
        ],
        "SANJU GUPTA": [
            "JOS BUTLER",
            "JOS BUTLER",
            "VIRAT KOHLI",
            "KL RAHUL",
            "SHUBHAM GILL",
            "Q D KOCK",
            "HARDIK PANDYA",
            "ANDRE RUSSELL",
            "KAGISO RABADA",
            "T BOLT",
            "DEEPAK CHAHAR",
            "SHARDUL THAKUR"
        ],
        "SANDY": [
            "JOS BUTLER",
            "JOS BUTLER",
            "KL RAHUL",
            "DAVID WARNER",
            "SHIKHAR DHAWAN",
            "VIRAT KOHLI",
            "ANDRE RUSSELL",
            "HARDIK PANDYA",
            "JOFRA ARCHAR",
            "T BOLT",
            "UMESH YADAV",
            "KAGISO RABADA"
        ],
        "DIPEN PATEL": [
            "SHIKHAR DHAWAN",
            "SHIKHAR DHAWAN",
            "DAVID WARNER",
            "MAYANK AGRAWAL",
            "VIRAT KOHLI",
            "KL RAHUL",
            "HARDIK PANDYA",
            "ANDRE RUSSELL",
            "JOFRA ARCHAR",
            "SHARDUL THAKUR",
            "Y CHAHAL",
            "DEEPAK CHAHAR"
        ],
        "ROHIT": [
            "KL RAHUL",
            "KL RAHUL",
            "JOS BUTLER",
            "SHUBHAM GILL",
            "DAVID WARNER",
            "FAF DU PLESSIS",
            "Y CHAHAL",
            "DEEPAK CHAHAR",
            "KULDEEP YADAV",
            "UMRAN MALIK",
            "HARDIK PANDYA",
            "ANDRE RUSSELL"
        ],
        "RJ": [
            "VIRAT KOHLI",
            "VIRAT KOHLI",
            "KL RAHUL",
            "DAVID WARNER",
            "SANJU SAMSON",
            "ROHIT SHARMA",
            "GLENN MAXWELL",
            "HARDIK PANDYA",
            "MOHAMMED SHAMI",
            "KULDEEP YADAV",
            "JOFRA ARCHAR",
            "DEEPAK CHAHAR"
        ],
        "SANKET": [
            "SHIKHAR DHAWAN",
            "SHIKHAR DHAWAN",
            "KL RAHUL",
            "VIRAT KOHLI",
            "DAVID WARNER",
            "KAGISO RABADA",
            "Y CHAHAL",
            "RAVI BISNOI",
            "JOFRA ARCHAR",
            "HARDIK PANDYA",
            "ANDRE RUSSELL",
            "SURYAKUMAR YADAV"
        ],
        "VIP 11": [
            "KL RAHUL",
            "KL RAHUL",
            "JOS BUTLER",
            "DAVID WARNER",
            "SHUBHAM GILL",
            "L LIVINGSTONE",
            "UMESH YADAV",
            "KAGISO RABADA",
            "Y CHAHAL",
            "MOHAMMED SIRAJ",
            "ANDRE RUSSELL",
            "SAM CURRAN"
        ],
        "NIDISH": [
            "JOS BUTLER",
            "JOS BUTLER",
            "KL RAHUL",
            "FAF DU PLESSIS",
            "SURYAKUMAR YADAV",
            "DAVID WARNER",
            "AAVESH KHAN",
            "UMRAN MALIK",
            "MOHAMMED SIRAJ",
            "ARSHDEEP SINGH",
            "HARDIK PANDYA",
            "R.JADEJA"
        ],
        "UMANG": [
            "PRATHVI SHAW",
            "PRATHVI SHAW",
            "R GAIKWAD",
            "SANJU SAMSON",
            "JOS BUTLER",
            "SHUBHAM GILL",
            "Y CHAHAL",
            "HARSHAL PATEL",
            "SHARDUL THAKUR",
            "KULDEEP YADAV",
            "AXAR PATEL",
            "HARDIK PANDYA"
        ],
        "KRISHA JAIN": [
            "JOS BUTLER",
            "JOS BUTLER",
            "DAVID WARNER",
            "SURYAKUMAR YADAV",
            "R GAIKWAD",
            "VIRAT KOHLI",
            "HARDIK PANDYA",
            "ANDRE RUSSELL",
            "BHUVNESHWAR KUMAR",
            "JOFRA ARCHAR",
            "KAGISO RABADA",
            "HARSHAL PATEL"
        ],
        "JAY 11": [
            "SURYAKUMAR YADAV",
            "SURYAKUMAR YADAV",
            "L LIVINGSTONE",
            "SHREYAS IYER",
            "FAF DU PLESSIS",
            "DAVID MILLER",
            "DEEPAK CHAHAR",
            "UMRAN MALIK",
            "KULDEEP YADAV",
            "MOHAMMED SHAMI",
            "AXAR PATEL",
            "BEN STOKES"
        ],
        "SNAX 11": [
            "JOS BUTLER",
            "JOS BUTLER",
            "DAVID WARNER",
            "KL RAHUL",
            "FAF DU PLESSIS",
            "SHIKHAR DHAWAN",
            "MITCHELL MARSH",
            "C GREEN",
            "JOFRA ARCHAR",
            "KULDEEP YADAV",
            "Y CHAHAL",
            "AAVESH KHAN"
        ],
        "MANISH PERIWAL": [
            "SHUBHAM GILL",
            "SHUBHAM GILL",
            "KL RAHUL",
            "JOS BUTLER",
            "DAVID WARNER",
            "SHIKHAR DHAWAN",
            "BEN STOKES",
            "HARDIK PANDYA",
            "KAGISO RABADA",
            "Y CHAHAL",
            "HARSHAL PATEL",
            "MOHAMMED SHAMI"
        ],
        "SUMIT MUNDHRA": [
            "SHUBHAM GILL",
            "SHUBHAM GILL",
            "KL RAHUL",
            "VIRAT KOHLI",
            "JOS BUTLER",
            "HARDIK PANDYA",
            "ANDRE RUSSELL",
            "KAGISO RABADA",
            "MOHAMMED SHAMI",
            "JOFRA ARCHAR",
            "Y CHAHAL",
            "SURYAKUMAR YADAV"
        ],
        "RAHUL JAIN": [
            "VIRAT KOHLI",
            "VIRAT KOHLI",
            "SHUBHAM GILL",
            "SURYAKUMAR YADAV",
            "JOS BUTLER",
            "PRATHVI SHAW",
            "JOFRA ARCHAR",
            "Y CHAHAL",
            "KAGISO RABADA",
            "UMRAN MALIK",
            "HARDIK PANDYA",
            "ANDRE RUSSELL"
        ],
        "SPORTS YAARI": [
            "VIRAT KOHLI",
            "VIRAT KOHLI",
            "SURYAKUMAR YADAV",
            "JOS BUTLER",
            "DAVID WARNER",
            "KL RAHUL",
            "KAGISO RABADA",
            "JOFRA ARCHAR",
            "Y CHAHAL",
            "MOHAMMED SHAMI",
            "ANDRE RUSSELL",
            "HARDIK PANDYA"
        ],
        "CRAZY 11": [
            "DAVID WARNER",
            "DAVID WARNER",
            "SHIKHAR DHAWAN",
            "JOS BUTLER",
            "KL RAHUL",
            "Q D KOCK",
            "SHARDUL THAKUR",
            "KAGISO RABADA",
            "JOFRA ARCHAR",
            "Y CHAHAL",
            "HARDIK PANDYA",
            "ANDRE RUSSELL"
        ],
        "HK KANZARIYA": [
            "KL RAHUL",
            "KL RAHUL",
            "JOS BUTLER",
            "VIRAT KOHLI",
            "SHUBHAM GILL",
            "DAVID WARNER",
            "KAGISO RABADA",
            "JOFRA ARCHAR",
            "Y CHAHAL",
            "UMRAN MALIK",
            "ANDRE RUSSELL",
            "HARDIK PANDYA"
        ],
        "AB CRICINFO": [
            "KL RAHUL",
            "KL RAHUL",
            "JOS BUTLER",
            "SHUBHAM GILL",
            "DAVID WARNER",
            "Q D KOCK",
            "KAGISO RABADA",
            "JOFRA ARCHAR",
            "Y CHAHAL",
            "MOHAMMED SHAMI",
            "HARDIK PANDYA",
            "ANDRE RUSSELL"
        ],
        "MASTERS": [
            "KL RAHUL",
            "KL RAHUL",
            "SURYAKUMAR YADAV",
            "SANJU SAMSON",
            "FAF DU PLESSIS",
            "DEVON CONWAY",
            "KULDEEP YADAV",
            "KAGISO RABADA",
            "JOFRA ARCHAR",
            "HARSHAL PATEL",
            "SAM CURRAN",
            "HARDIK PANDYA"
        ],
        "KARNAV": [
            "JOS BUTLER",
            "JOS BUTLER",
            "SURYAKUMAR YADAV",
            "DEVON CONWAY",
            "VIRAT KOHLI",
            "KL RAHUL",
            "DEEPAK CHAHAR",
            "JOFRA ARCHAR",
            "T BOLT",
            "Y CHAHAL",
            "BEN STOKES",
            "HARDIK PANDYA"
        ],
        "CPHK XI": [
            "KL RAHUL",
            "KL RAHUL",
            "SANJU SAMSON",
            "JOS BUTLER",
            "SHUBHAM GILL",
            "DAVID WARNER",
            "KULDEEP YADAV",
            "JOFRA ARCHAR",
            "MOHAMMED SHAMI",
            "MARK WOOD",
            "C GREEN",
            "HARDIK PANDYA"
        ],
        "KARTHIK XL": [
            "VIRAT KOHLI",
            "VIRAT KOHLI",
            "ISHAN KISHAN",
            "JOS BUTLER",
            "PRATHVI SHAW",
            "Q D KOCK",
            "SHARDUL THAKUR",
            "UMRAN MALIK",
            "HARSHAL PATEL",
            "ANDRE RUSSELL",
            "GLENN MAXWELL",
            "AAVESH KHAN"
        ],
        "HITESH 8888": [
            "VIRAT KOHLI",
            "VIRAT KOHLI",
            "JOS BUTLER",
            "SHIKHAR DHAWAN",
            "KL RAHUL",
            "KULDEEP YADAV",
            "Y CHAHAL",
            "HARSHAL PATEL",
            "AAVESH KHAN",
            "HARDIK PANDYA",
            "ANDRE RUSSELL",
            "DAVID WARNER"
        ],
        "JSB X1": [
            "KL RAHUL",
            "KL RAHUL",
            "SANJU SAMSON",
            "VIRAT KOHLI",
            "SHUBHAM GILL",
            "SURYAKUMAR YADAV",
            "Y CHAHAL",
            "HARSHAL PATEL",
            "MOHAMMED SHAMI",
            "ANDRE RUSSELL",
            "HARDIK PANDYA",
            "AAVESH KHAN"
        ],
        "RITVIK XI": [
            "VIRAT KOHLI",
            "VIRAT KOHLI",
            "JOS BUTLER",
            "DAVID WARNER",
            "SHUBHAM GILL",
            "KL RAHUL",
            "KULDEEP YADAV",
            "Y CHAHAL",
            "HARSHAL PATEL",
            "MOHAMMED SHAMI",
            "ANDRE RUSSELL",
            "HARDIK PANDYA"
        ],
        "SSS X1": [
            "JOS BUTLER",
            "JOS BUTLER",
            "NITESH RANA",
            "RAHUL TRIPATHI",
            "VIRAT KOHLI",
            "Q D KOCK",
            "SHARDUL THAKUR",
            "Y CHAHAL",
            "UMRAN MALIK",
            "RAVI BISNOI",
            "SUNIL NARAIN",
            "HARDIK PANDYA"
        ],
        "JAY SHREE RAM": [
            "PRATHVI SHAW",
            "PRATHVI SHAW",
            "SHIKHAR DHAWAN",
            "ISHAN KISHAN",
            "SANJU SAMSON",
            "FAF DU PLESSIS",
            "DEEPAK CHAHAR",
            "RAHUL CHAHAR",
            "JOFRA ARCHAR",
            "AAVESH KHAN",
            "C GREEN",
            "R.JADEJA"
        ],
        "SHIVA": [
            "Q D KOCK",
            "Q D KOCK",
            "SHIKHAR DHAWAN",
            "ROHIT SHARMA",
            "FAF DU PLESSIS",
            "DAVID WARNER",
            "KAGISO RABADA",
            "JOFRA ARCHAR",
            "Y CHAHAL",
            "MOHAMMED SHAMI",
            "ANDRE RUSSELL",
            "HARDIK PANDYA"
        ],
        "BHAWANI X1": [
            "JOS BUTLER",
            "JOS BUTLER",
            "SHIKHAR DHAWAN",
            "DAVID WARNER",
            "FAF DU PLESSIS",
            "KL RAHUL",
            "KAGISO RABADA",
            "JOFRA ARCHAR",
            "T BOLT",
            "Y CHAHAL",
            "SAM CURRAN",
            "HARDIK PANDYA"
        ],
        "JAI MATAJI": [
            "JOS BUTLER",
            "JOS BUTLER",
            "SURYAKUMAR YADAV",
            "DAVID WARNER",
            "VIRAT KOHLI",
            "KL RAHUL",
            "KAGISO RABADA",
            "JOFRA ARCHAR",
            "Y CHAHAL",
            "MOHAMMED SHAMI",
            "ANDRE RUSSELL",
            "HARDIK PANDYA"
        ],
        "MANTESH": [
            "SHUBHAM GILL",
            "SHUBHAM GILL",
            "SURYAKUMAR YADAV",
            "SANJU SAMSON",
            "PRATHVI SHAW",
            "FAF DU PLESSIS",
            "JOFRA ARCHAR",
            "DEEPAK CHAHAR",
            "UMRAN MALIK",
            "MOHAMMED SHAMI",
            "C GREEN",
            "R.JADEJA"
        ],
        "NILESH K JAIN": [
            "JOS BUTLER",
            "JOS BUTLER",
            "SHUBHAM GILL",
            "KL RAHUL",
            "SHIKHAR DHAWAN",
            "HARDIK PANDYA",
            "ANDRE RUSSELL",
            "Y CHAHAL",
            "JOFRA ARCHAR",
            "UMRAN MALIK",
            "AAVESH KHAN",
            "DAVID WARNER"
        ],
        "VIKRAM JAJAM": [
            "KL RAHUL",
            "KL RAHUL",
            "SHIKHAR DHAWAN",
            "SHUBHAM GILL",
            "SURYAKUMAR YADAV",
            "DAVID WARNER",
            "KAGISO RABADA",
            "JOFRA ARCHAR",
            "Y CHAHAL",
            "SHARDUL THAKUR",
            "R.JADEJA",
            "HARDIK PANDYA"
        ],
        "ROYAL SPORT": [
            "JOS BUTLER",
            "JOS BUTLER",
            "DAVID WARNER",
            "DEVON CONWAY",
            "VIRAT KOHLI",
            "KL RAHUL",
            "JOFRA ARCHAR",
            "T BOLT",
            "Y CHAHAL",
            "AAVESH KHAN",
            "BEN STOKES",
            "HARDIK PANDYA"
        ],
        "DHRUV": [
            "SHUBHAM GILL",
            "SHUBHAM GILL",
            "HARSHAL PATEL",
            "VIRAT KOHLI",
            "JOFRA ARCHAR",
            "Y CHAHAL",
            "JOS BUTLER",
            "MOHAMMED SHAMI",
            "MITCHELL MARSH",
            "HARDIK PANDYA",
            "DEVON CONWAY",
            "ISHAN KISHAN"
        ],
        "GUJRAT TITANS": [
            "JOS BUTLER",
            "JOS BUTLER",
            "VIRAT KOHLI",
            "SHUBHAM GILL",
            "KL RAHUL",
            "HARDIK PANDYA",
            "ANDRE RUSSELL",
            "JOFRA ARCHAR",
            "Y CHAHAL",
            "MOHAMMED SHAMI",
            "UMRAN MALIK",
            "R GAIKWAD"
        ],
        "DIYAAN SUPER 11": [
            "VIRAT KOHLI",
            "VIRAT KOHLI",
            "KL RAHUL",
            "SHUBHAM GILL",
            "DAVID WARNER",
            "FAF DU PLESSIS",
            "AAVESH KHAN",
            "MOHAMMED SIRAJ",
            "UMRAN MALIK",
            "Y CHAHAL",
            "W HASARANGA",
            "DEEPAK HOODA"
        ],
        "BOOM BOOM BASHER": [
            "JOS BUTLER",
            "JOS BUTLER",
            "PRATHVI SHAW",
            "SANJU SAMSON",
            "SURYAKUMAR YADAV",
            "SHUBHAM GILL",
            "KAGISO RABADA",
            "JOFRA ARCHAR",
            "Y CHAHAL",
            "T BOLT",
            "C GREEN",
            "HARDIK PANDYA"
        ],
        "DEEPAK JAIN": [
            "JOS BUTLER",
            "JOS BUTLER",
            "AMBATI RAYADU",
            "R GAIKWAD",
            "NITESH RANA",
            "ROVMAN POWELL",
            "DEEPAK CHAHAR",
            "KAGISO RABADA",
            "Y CHAHAL",
            "RAVI BISNOI",
            "ANDRE RUSSELL",
            "HARDIK PANDYA"
        ],
        "BHAVESH JAIN": [
            "FAF DU PLESSIS",
            "FAF DU PLESSIS",
            "R GAIKWAD",
            "JOS BUTLER",
            "SHUBHAM GILL",
            "Y CHAHAL",
            "KAGISO RABADA",
            "MOHAMMED SIRAJ",
            "AAVESH KHAN",
            "GLENN MAXWELL",
            "HARDIK PANDYA",
            "KL RAHUL"
        ],
        "KP 11": [
            "JOS BUTLER",
            "JOS BUTLER",
            "JOFRA ARCHAR",
            "Y CHAHAL",
            "UMRAN MALIK",
            "SURYAKUMAR YADAV",
            "KAGISO RABADA",
            "VIRAT KOHLI",
            "SHUBHAM GILL",
            "HARDIK PANDYA",
            "Q D KOCK",
            "ANDRE RUSSELL"
        ],
        "HARSH PODDAR": [
            "SURYAKUMAR YADAV",
            "SURYAKUMAR YADAV",
            "JOS BUTLER",
            "VIRAT KOHLI",
            "SHUBHAM GILL",
            "JOFRA ARCHAR",
            "T BOLT",
            "MOHAMMED SIRAJ",
            "MOHAMMED SHAMI",
            "RASHID KHAN",
            "MARCUS STOINIS",
            "KL RAHUL"
        ],
        "JAI SHREERAM KT": [
            "JOS BUTLER",
            "JOS BUTLER",
            "DAVID WARNER",
            "VIRAT KOHLI",
            "SHUBHAM GILL",
            "JOFRA ARCHAR",
            "Y CHAHAL",
            "MOHAMMED SHAMI",
            "HARSHAL PATEL",
            "ANDRE RUSSELL",
            "HARDIK PANDYA",
            "KL RAHUL"
        ],
        "V007": [
            "KL RAHUL",
            "KL RAHUL",
            "SURYAKUMAR YADAV",
            "JOS BUTLER",
            "JOFRA ARCHAR",
            "Y CHAHAL",
            "HARSHAL PATEL",
            "MOHAMMED SHAMI",
            "TIM DEVID",
            "HARDIK PANDYA",
            "DAVID WARNER",
            "SHIKHAR DHAWAN"
        ],
        "V23K29": [
            "JOS BUTLER",
            "JOS BUTLER",
            "SHIKHAR DHAWAN",
            "DEEPAK CHAHAR",
            "HARDIK PANDYA",
            "SURYAKUMAR YADAV",
            "ARSHDEEP SINGH",
            "SAM CURRAN",
            "JOFRA ARCHAR",
            "SHUBHAM GILL",
            "Y CHAHAL",
            "VIRAT KOHLI"
        ],
        "ANKIT BHATTAR": [
            "SHUBHAM GILL",
            "SHUBHAM GILL",
            "DINESH KARTHIK",
            "KL RAHUL",
            "ROHIT SHARMA",
            "DAVID WARNER",
            "UMRAN MALIK",
            "KAGISO RABADA",
            "TIM SOUTHEE",
            "MOHAMMED SHAMI",
            "R.JADEJA",
            "HARDIK PANDYA"
        ],
        "JR": [
            "JOS BUTLER",
            "JOS BUTLER",
            "VIRAT KOHLI",
            "DAVID WARNER",
            "KL RAHUL",
            "JOFRA ARCHAR",
            "SHUBHAM GILL",
            "Y CHAHAL",
            "DEEPAK CHAHAR",
            "MOHAMMED SIRAJ",
            "HARDIK PANDYA",
            "C GREEN"
        ],
        "JACK": [
            "SHUBHAM GILL",
            "SHUBHAM GILL",
            "KL RAHUL",
            "R GAIKWAD",
            "MOHAMMED SHAMI",
            "C GREEN",
            "UMRAN MALIK",
            "BEN STOKES",
            "FAF DU PLESSIS",
            "KULDEEP YADAV",
            "PRATHVI SHAW",
            "MOHAMMED SIRAJ"
        ],
        "AJ11": [
            "VIRAT KOHLI",
            "VIRAT KOHLI",
            "DAVID WARNER",
            "KAGISO RABADA",
            "ANDRE RUSSELL",
            "SANJU SAMSON",
            "HARSHAL PATEL",
            "HARDIK PANDYA",
            "DEVON CONWAY",
            "SHARDUL THAKUR",
            "ISHAN KISHAN",
            "MOHAMMED SHAMI"
        ],
        "V23K29": [
            "JOS BUTLER",
            "JOS BUTLER",
            "SHIKHAR DHAWAN",
            "DEEPAK CHAHAR",
            "HARDIK PANDYA",
            "SURYAKUMAR YADAV",
            "ARSHDEEP SINGH",
            "SAM CURRAN",
            "JOFRA ARCHAR",
            "SHUBHAM GILL",
            "Y CHAHAL",
            "VIRAT KOHLI"
        ],
        "BHAVYA": [
            "SHUBHAM GILL",
            "SHUBHAM GILL",
            "SHIKHAR DHAWAN",
            "SURYAKUMAR YADAV",
            "FAF DU PLESSIS",
            "JOFRA ARCHAR",
            "T BOLT",
            "Y CHAHAL",
            "MOHAMMED SIRAJ",
            "C GREEN",
            "HARDIK PANDYA",
            "KL RAHUL"
        ],
        "DRAGON 11": [
            "JOS BUTLER",
            "JOS BUTLER",
            "KL RAHUL",
            "SURYAKUMAR YADAV",
            "SHUBHAM GILL",
            "HARDIK PANDYA",
            "UMRAN MALIK",
            "C GREEN",
            "JOFRA ARCHAR",
            "MOHAMMED SHAMI",
            "T BOLT",
            "R GAIKWAD"
        ],
        
        "HIMALAYA": [
            "SHUBHAM GILL",
            "SHUBHAM GILL",
            "JOS BUTLER",
            "SURYAKUMAR YADAV",
            "DAVID WARNER",
            "JOFRA ARCHAR",
            "KAGISO RABADA",
            "Y CHAHAL",
            "MOHAMMED SHAMI",
            "TIM DEVID",
            "HARDIK PANDYA",
            "KL RAHUL"
        ],
        "PPP": [
            "DAVID WARNER",
            "DAVID WARNER",
            "KL RAHUL",
            "R GAIKWAD",
            "JOS BUTLER",
            "ROHIT SHARMA",
            "DEEPAK CHAHAR",
            "ARSHDEEP SINGH",
            "JAYDEV UNADKAT",
            "HARSHAL PATEL",
            "HARDIK PANDYA",
            "SAM CURRAN"
        ],
        "APIL BHAI": [
            "SHREYAS IYER",
            "SHREYAS IYER",
            "DEVON CONWAY",
            "DAVID WARNER",
            "ROHIT SHARMA",
            "DAVID MILLER",
            "MUKESH CHAUDHARY",
            "LOCKIE FERGUSON",
            "BHUVNESHWAR KUMAR",
            "SHAHBAZ NADEEM",
            "BEN STOKES",
            "HARDIK PANDYA"
        ],
        "BIPIN JAIN": [
            "SHUBHAM GILL",
            "SHUBHAM GILL",
            "JOS BUTLER",
            "KL RAHUL",
            "Q D KOCK",
            "L LIVINGSTONE",
            "HARDIK PANDYA",
            "ANDRE RUSSELL",
            "Y CHAHAL",
            "HARSHAL PATEL",
            "KAGISO RABADA",
            "UMRAN MALIK"
        ],
        "PK": [
            "DAVID WARNER",
            "DAVID WARNER",
            "DEVON CONWAY",
            "JOS BUTLER",
            "FAF DU PLESSIS",
            "UMRAN MALIK",
            "JOFRA ARCHAR",
            "KAGISO RABADA",
            "MOHAMMED SHAMI",
            "HARDIK PANDYA",
            "L LIVINGSTONE",
            "BEN STOKES"
        ],
        "KP": [
            "VIRAT KOHLI",
            "VIRAT KOHLI",
            "R GAIKWAD",
            "SHIKHAR DHAWAN",
            "SHUBHAM GILL",
            "DEEPAK CHAHAR",
            "SHARDUL THAKUR",
            "BHUVNESHWAR KUMAR",
            "HARSHAL PATEL",
            "SAM CURRAN",
            "HARDIK PANDYA",
            "ROHIT SHARMA"
        ],
        "LUCYFER X1": [
            "ROHIT SHARMA",
            "ROHIT SHARMA",
            "DAVID WARNER",
            "ANDRE RUSSELL",
            "SURYAKUMAR YADAV",
            "JOS BUTLER",
            "VIRAT KOHLI",
            "ANRICS NORTJE",
            "KAGISO RABADA",
            "JOFRA ARCHAR",
            "JASPRIT BUMRAH",
            "HARDIK PANDYA"
        ],
        "JAY BHAIRAV": [
            "JOS BUTLER",
            "JOS BUTLER",
            "R GAIKWAD",
            "SURYAKUMAR YADAV",
            "FAF DU PLESSIS",
            "JOFRA ARCHAR",
            "T BOLT",
            "Y CHAHAL",
            "MOHAMMED SHAMI",
            "HARDIK PANDYA",
            "C GREEN",
            "KL RAHUL"
        ],
        "DIMPESH JAIN": [
            "JOS BUTLER",
            "JOS BUTLER",
            "SHUBHAM GILL",
            "KL RAHUL",
            "R GAIKWAD",
            "SURYAKUMAR YADAV",
            "KULDEEP YADAV",
            "Y CHAHAL",
            "ARSHDEEP SINGH",
            "ANDRE RUSSELL",
            "HARDIK PANDYA",
            "HARSHAL PATEL"
        ],
        "NILESH JAIN": [
            "KL RAHUL",
            "KL RAHUL",
            "JOS BUTLER",
            "ISHAN KISHAN",
            "SURYAKUMAR YADAV",
            "HARRY BROOK",
            "DEEPAK CHAHAR",
            "SHARDUL THAKUR",
            "HARSHAL PATEL",
            "UMRAN MALIK",
            "ANDRE RUSSELL",
            "HARDIK PANDYA"
        ],
        "MAYUR JAIN":[
            "SHUBHAM GILL",
            "SHUBHAM GILL",
            "R GAIKWAD",
            "PRATHVI SHAW",
            "ROHIT SHARMA",
            "SURYAKUMAR YADAV",
            "SHARDUL THAKUR",
            "Y CHAHAL",
            "MOHAMMED SIRAJ",
            "UMRAN MALIK",
            "HARDIK PANDYA",
            "AXAR PATEL"
        ],
        "VIKAS BAFNA": [
            "SHUBHAM GILL",
            "SHUBHAM GILL",
            "NITESH RANA",
            "PRATHVI SHAW",
            "SURYAKUMAR YADAV",
            "VIRAT KOHLI",
            "DEEPAK CHAHAR",
            "SHARDUL THAKUR",
            "T BOLT",
            "HARSHAL PATEL",
            "AXAR PATEL",
            "RASHID KHAN"
        ],
        "ANKIT BHATTAR": [
            "SHUBHAM GILL",
            "SHUBHAM GILL",
            "DINESH KARTHIK",
            "KL RAHUL",
            "ROHIT SHARMA",
            "DAVID WARNER",
            "UMRAN MALIK",
            "KAGISO RABADA",
            "TIM SOUTHEE",
            "MOHAMMED SHAMI",
            "R.JADEJA",
            "HARDIK PANDYA"
        ],
        "JR": [
            "JOS BUTLER",
            "JOS BUTLER",
            "VIRAT KOHLI",
            "DAVID WARNER",
            "KL RAHUL",
            "JOFRA ARCHAR",
            "SHUBHAM GILL",
            "Y CHAHAL",
            "DEEPAK CHAHAR",
            "MOHAMMED SIRAJ",
            "HARDIK PANDYA",
            "C GREEN"
        ],
        "JACK": [
            "SHUBHAM GILL",
            "SHUBHAM GILL",
            "KL RAHUL",
            "R GAIKWAD",
            "MOHAMMED SHAMI",
            "C GREEN",
            "UMRAN MALIK",
            "BEN STOKES",
            "FAF DU PLESSIS",
            "KULDEEP YADAV",
            "PRATHVI SHAW",
            "MOHAMMED SIRAJ"
        ],
        "AJ11": [
            "VIRAT KOHLI",
            "VIRAT KOHLI",
            "DAVID WARNER",
            "KAGISO RABADA",
            "ANDRE RUSSELL",
            "SANJU SAMSON",
            "HARSHAL PATEL",
            "HARDIK PANDYA",
            "DEVON CONWAY",
            "SHARDUL THAKUR",
            "ISHAN KISHAN",
            "MOHAMMED SHAMI"
        ],
        "NJ SHAH": [
            "SHUBHAM GILL",
            "SHUBHAM GILL",
            "VIRAT KOHLI",
            "JOS BUTLER",
            "Q D KOCK",
            "SURYAKUMAR YADAV",
            "HARDIK PANDYA",
            "BEN STOKES",
            "MOHAMMED SIRAJ",
            "MOHAMMED SHAMI",
            "T NATRAJAN",
            "RAVI BISNOI"
            
        ],
        "DIPESH OSWAL": [
            "SHARDUL THAKUR",
            "SHARDUL THAKUR",
            "KL RAHUL",
            "ROHIT SHARMA",
            "JOS BUTLER",
            "VIRAT KOHLI",
            "SHUBHAM GILL",
            "JOFRA ARCHAR",
            "BHUVNESHWAR KUMAR",
            "T BOLT",
            "HARDIK PANDYA",
            "R.JADEJA"
        ],
        "AMIT PARMAR": [
            "JOS BUTLER",
            "JOS BUTLER",
            "KL RAHUL",
            "FAF DU PLESSIS",
            "VIRAT KOHLI",
            "SHUBHAM GILL",
            "Y CHAHAL",
            "DEEPAK CHAHAR",
            "MOHAMMED SIRAJ",
            "SHARDUL THAKUR",
            "HARDIK PANDYA",
            "C GREEN"
            
        ],
        "JITU PRAJAPAT": [
            "SHUBHAM GILL",
            "SHUBHAM GILL",
            "SURYAKUMAR YADAV",
            "VIRAT KOHLI",
            "R GAIKWAD",
            "DAVID WARNER",
            "HARDIK PANDYA",
            "GLENN MAXWELL",
            "KAGISO RABADA",
            "HARSHAL PATEL",
            "KULDEEP YADAV",
            "Y CHAHAL"
            
        ],
        "ROWEDY": [
            "FAF DU PLESSIS",
            "FAF DU PLESSIS",
            "KL RAHUL",
            "SANJU SAMSON",
            "SURYAKUMAR YADAV",
            "DAVID MILLER",
            "HARDIK PANDYA",
            "ANDRE RUSSELL",
            "HARSHAL PATEL",
            "DEEPAK CHAHAR",
            "MOHAMMED SHAMI",
            "Y CHAHAL"
        ],
        "MEET JAIN": [
            "SHIKHAR DHAWAN",
            "SHIKHAR DHAWAN",
            "R GAIKWAD",
            "PRATHVI SHAW",
            "JOS BUTLER",
            "HARRY BROOK",
            "DEEPAK CHAHAR",
            "Y CHAHAL",
            "UMRAN MALIK",
            "MOHAMMED SIRAJ",
            "SAM CURRAN",
            "R.JADEJA"
        ]
        
        
    },
    "forms": {
       
"NAMAN JAIN": 1,
"AMIT ASHAPURA":2,
"SHANKY":3,
"JOLLY": 4,
"APNA TIME AAYEGA":5,
"BULLDOZER BABA":6,
"KHELEGE INDIA": 7,
"GAPPU 11":8,
"KING": 9,
"VISHAL": 10,
"AKSHAY A":11,
"MANVIK": 12,
"DP DHONI BHAI":13,
"GGG": 14,
"NIMESH":15,
"RATHOD":16,
"GIANA":17,
"HITESH GANDHI":18,
"GA 002": 19,
"ROHIT PATEL":20,
"SANJU GUPTA":21,
"SANDY": 22,
"DIPEN PATEL":23,
"ROHIT":24,
"RJ": 25,
"SANKET":26,
"VIP 11":27,
"NIDISH":28,
"UMANG": 29,
"KRISHA JAIN":30,
"JAY 11": 31,
"SNAX 11": 32,
"MANISH PERIWAL":33,
"SUMIT MUNDHRA":34,
"RAHUL JAIN": 35,
"SPORTS YAARI":36,
"CRAZY 11": 37,
"HK KANZARIYA":38,
"AB CRICINFO":39,
"MASTERS":40,
"KARNAV": 41,
"CPHK XI": 42,
"KARTHIK XL": 43,
"HITESH 8888":44,
"JSB X1": 45,
"RITVIK XI":46,
"SSS X1": 47,
"JAY SHREE RAM":48,
"SHIVA": 49,
"BHAWANI X1":50,
"JAI MATAJI":51,
"MANTESH": 52,
"NILESH K JAIN":53,
"VIKRAM JAJAM":54,
"ROYAL SPORT": 55,
"DHRUV": 56,
"GUJRAT TITANS":57, 
"DIYAAN SUPER 11":58,
"BOOM BOOM BASHER":59,
"DEEPAK JAIN": 60,
"BHAVESH JAIN":61,
"KP 11": 62,
"HARSH PODDAR":63, 
"JAI SHREERAM KT":64,
"V007": 65,
"V23K29": 66,
"ANKIT BHATTAR":67,
"JR":68,
"JACK":69,
"AJ11":70,
"V23K29": 71,
"BHAVYA": 72,
"DRAGON 11":73,
"HIMALAYA":74,
"PPP": 75,
"APIL BHAI":76, 
"BIPIN JAIN":77,
"PK": 78,
"KP": 79,
"LUCYFER X1":80, 
"JAY BHAIRAV": 81,
"DIMPESH JAIN":82,
"NILESH JAIN":83,
"MAYUR JAIN":84,
"VIKAS BAFNA":85,
"JR": 86,
"JACK":87,
"AJ11": 88,
"NJ SHAH": 89,
"DIPESH OSWAL":90,
"AMIT PARMAR": 91,
"JITU PRAJAPAT":92,
"ROWEDY":93,
"MEET JAIN":94
      }
}